REGION,PRIMARY_SAMPLE_UNIT,STATION_NR,YEAR,MONTH,DAY,HABITAT_CD,STRAT,RUGOSITY_CD,WTD_RUG,MEAN_RUG,LAT_DEGREES,LON_DEGREES,MAPGRID_NR,SUB_REGION_NAME,SUB_REGION_NR,ZONE_NAME,ZONE_NR,MPA_NAME,MPA_NR,ADMIN,PROT,DEPTH_STRAT,MIN_DEPTH,MAX_DEPTH,METERS_COMPLETED,LOBSTER_NUM,CONCH_NUM,DIADEMA_NUM,A_PALMATA,A_CERVICORNIS,D_CYLINDRUS,M_FEROX,O_ANNULARIS,O_FRANKSI,O_FAVEOLATA
FLK,1861,1,2022,7,9,CONT_HR,CS03,NA,NA,0.533333333,24.52014,-81.71842,2084875,Lower Keys,8,Mid Channel,2,West_Sambo,20,NA,1,CD0,7.315199766,7.315199766,15,0,1,0,A,A,A,A,PT,A,A
FLK,1094,1,2022,7,10,CONT_HR,CS06,NA,NA,0.477333333,24.50915,-81.66546,2049974,Lower Keys,8,Offshore Patch Reef,3,Unprotected,0,NA,0,CD0,5.486399824,7.315199766,15,0,0,0,A,A,A,A,A,A,PT
FLK,1052,1,2022,7,10,ISOL_HR,CS03,NA,NA,0.233333333,24.52915,-81.64928,2113263,Lower Keys,8,Mid Channel,2,Unprotected,0,NA,0,CD0,4.876799844,6.095999805,15,0,0,0,A,A,A,A,PT,A,PT
FLK,1066,1,2022,7,11,CONT_MR,CS03,NA,NA,0.238666667,24.54132,-81.59522,2154331,Lower Keys,8,Mid Channel,2,Unprotected,0,NA,0,CD0,5.486399824,5.791199815,15,0,0,1,A,A,A,A,PS,A,PS
FLK,1541,1,2022,7,12,ISOL_HR,CS03,NA,NA,0.389333333,24.481,-81.93072,1978128,Lower Keys,8,Mid Channel,2,Unprotected,0,NA,0,CD0,8.839199717,9.143999707,15,0,0,0,A,A,A,A,A,A,A
FLK,1063,1,2022,7,13,CONT_HR,CS03,NA,NA,NA,24.5775,-81.4438,2293416,Lower Keys,8,Mid Channel,2,Unprotected,0,NA,0,CD0,4.267199863,6.400799795,15,0,0,4,A,PT,A,A,A,PT,PT
FLK,1210,1,2022,7,11,CONT_HR,CS15,NA,NA,0.593333333,24.4977,-81.62554,2016905,Lower Keys,8,Forereef,4,Unprotected,0,NA,0,CD3,15.23999951,16.76399946,15,0,0,0,A,A,A,A,A,A,A
FLK,1321,1,2022,7,12,SPGR_HR,CS17,NA,NA,NA,24.44043,-81.86946,1899586,Lower Keys,8,Forereef,4,Unprotected,0,NA,0,CD4,21.33599932,22.55519928,15,0,0,0,A,A,A,A,A,A,PT
FLK,1247,1,2022,7,12,ISOL_HR,CS06,NA,NA,NA,24.46419,-81.90593,1941714,Lower Keys,8,Offshore Patch Reef,3,Unprotected,0,NA,0,CD0,8.534399727,9.753599688,15,0,0,2,A,A,A,PT,A,A,PT
FLK,1068,1,2022,7,14,ISOL_HR,CS03,NA,NA,0.586666667,24.50633,-81.73694,2041853,Lower Keys,8,Mid Channel,2,Unprotected,0,NA,0,CD0,7.010399776,8.839199717,15,2,0,2,A,A,A,A,A,A,PT
FLK,1381,1,2022,7,15,ISOL_HR,CS03,NA,NA,NA,24.51084,-81.70014,2055312,Lower Keys,8,Mid Channel,2,West_Sambo,20,NA,1,CD0,5.486399824,7.924799746,15,0,0,2,A,A,A,A,A,A,PT
FLK,1050,1,2022,7,17,ISOL_HR,CS03,NA,NA,0.485333333,24.59584,-81.39432,2373154,Lower Keys,8,Mid Channel,2,Unprotected,0,NA,0,CD0,8.534399727,8.534399727,15,0,0,0,A,A,A,A,A,A,PT
FLK,1190,1,2022,6,29,CONT_HR,CS12,NA,NA,0.493333333,25.71133,-80.0872,4140920,Biscayne,12,Forereef,4,Unprotected,0,NA,0,CD2,7.924799746,8.534399727,15,0,0,0,A,A,A,A,A,A,PT
FLK,1055,1,2022,7,11,ISOL_HR,CS03,NA,NA,0.493333333,24.55509,-81.56663,2206387,Lower Keys,8,Mid Channel,2,Unprotected,0,NA,0,CD0,5.486399824,6.400799795,15,0,0,0,A,A,A,A,A,PT,PT
FLK,8065,1,2022,8,15,ISOL_MR,CS06,NA,NA,0.231333333,24.88259,-80.57458,3429976,Mid-Upper Keys Transition,10,Offshore Patch Reef,3,Unprotected,0,NA,0,CD0,6.400799795,6.705599785,15,0,0,0,A,A,A,A,A,A,A
FLK,1356,1,2022,8,23,ISOL_HR,CS17,NA,NA,0.483333333,25.06279,-80.32061,3675109,Upper Keys,11,Forereef,4,Unprotected,0,NA,0,CD4,26.82239914,27.73679911,15,0,0,0,A,A,A,A,A,A,PT
FLK,1144,1,2022,8,23,CONT_HR,CS12,NA,NA,0.273333333,25.09651,-80.30045,3716699,Upper Keys,11,Forereef,4,Unprotected,0,NA,0,CD2,12.19199961,12.80159959,15,0,0,1,A,A,A,A,A,A,A
FLK,1354,1,2022,8,25,SPGR_HR,CS17,NA,NA,0.399333333,25.15075,-80.2473,3780080,Upper Keys,11,Forereef,4,Unprotected,0,NA,0,CD4,21.9455993,24.07919923,15,0,0,0,A,A,A,A,A,A,PS
FLK,1294,1,2022,8,25,CONT_LR,CS14,NA,NA,0.146666667,25.16652,-80.23596,3796668,Upper Keys,11,Forereef,4,Unprotected,0,NA,0,CD3,14.32559954,14.93519952,15,0,0,0,A,A,A,A,A,A,A
FLK,1305,1,2022,8,25,CONT_MR,CS14,NA,NA,0.147333333,25.18333,-80.2286,3813145,Upper Keys,11,Forereef,4,Unprotected,0,NA,0,CD3,14.02079955,14.63039953,15,0,0,0,A,A,A,A,A,A,A
FLK,8076,1,2022,9,1,ISOL_HR,CS17,NA,NA,0.414666667,25.71423,-80.08803,4142074,Biscayne,12,Forereef,4,Unprotected,0,NA,0,CD4,21.03119933,21.9455993,15,0,0,0,A,A,A,A,A,A,A
FLK,8068,1,2022,9,1,ISOL_HR,CS17,NA,NA,0.476,25.7127,-80.08719,4141418,Biscayne,12,Forereef,4,Unprotected,0,NA,0,CD4,24.07919923,24.9935992,15,0,0,0,A,A,A,A,A,A,A
FLK,1162,1,2022,7,6,RUBB_LR,CS11,NA,NA,0.085333333,25.72854,-80.10325,4147020,Biscayne,12,Forereef,4,Unprotected,0,NA,0,CD2,10.36319967,10.66799966,15,0,0,0,A,A,A,A,A,A,A
FLK,1133,1,2022,8,23,CONT_MR,CS11,NA,NA,0.16,25.07583,-80.32059,3691283,Upper Keys,11,Forereef,4,Unprotected,0,NA,0,CD2,7.619999756,7.924799746,15,0,0,0,A,A,A,A,A,A,A
FLK,1385,1,2022,8,25,RUBB_LR,CS11,NA,NA,0.095333333,25.14933,-80.25639,3778051,Upper Keys,11,Forereef,4,Elbow,2,NA,1,CD2,9.143999707,9.143999707,15,1,1,0,A,A,A,A,A,A,A
FLK,8070,1,2022,8,15,ISOL_LR,CS01,NA,NA,0.106666667,24.96597,-80.53458,3551410,Mid-Upper Keys Transition,10,Inshore,1,Unprotected,0,NA,0,CD0,4.876799844,4.876799844,15,0,0,0,A,A,A,A,A,A,A
FLK,1392,1,2022,8,22,ISOL_HR,CS09,NA,NA,0.36,25.03544,-80.35284,3640754,Upper Keys,11,Forereef,4,French,5,NA,1,CD1,3.352799893,4.267199863,15,0,0,0,A,PS,A,A,A,A,A
FLK,1355,1,2022,8,24,SPGR_HR,CS17,NA,NA,0.726666667,24.9689,-80.42719,3555937,Upper Keys,11,Forereef,4,Unprotected,0,NA,0,CD4,26.82239914,28.0415991,15,0,0,0,A,A,A,PT,A,PS,PT
FLK,1302,1,2022,8,24,ISOL_HR,CS17,NA,NA,0.726666667,24.98587,-80.41078,3578202,Upper Keys,11,Forereef,4,Unprotected,0,NA,0,CD4,18.59279941,20.11679936,15,0,0,0,A,A,A,A,A,PS,PS
FLK,1127,1,2022,8,24,ISOL_MR,CS05,NA,NA,0.166666667,24.98907,-80.42937,3582176,Upper Keys,11,Offshore Patch Reef,3,Unprotected,0,NA,0,CD0,7.315199766,7.619999756,15,1,0,0,A,A,A,A,A,A,A
FLK,1153,1,2022,8,24,ISOL_HR,CS06,NA,NA,0.346666667,24.99324,-80.46076,3587249,Upper Keys,11,Offshore Patch Reef,3,Unprotected,0,NA,0,CD0,4.876799844,4.876799844,15,0,0,0,A,A,A,PS,A,PS,PS
FLK,1130,1,2022,8,26,ISOL_HR,CS06,NA,NA,0.346666667,25.05964,-80.36034,3671087,Upper Keys,11,Offshore Patch Reef,3,Unprotected,0,NA,0,CD0,3.657599883,4.267199863,15,0,0,1,A,PS,A,A,A,A,PT
FLK,1642,1,2022,8,31,CONT_MR,CS11,NA,NA,0.16,25.75421,-80.10215,4155843,Biscayne,12,Forereef,4,Unprotected,0,NA,0,CD2,8.229599737,8.229599737,15,2,0,0,A,A,A,A,A,A,A
FLK,1010,1,2022,8,31,ISOL_LR,CS01,NA,NA,0.06,25.73747,-80.11803,4150162,Biscayne,12,Inshore,1,Unprotected,0,NA,0,CD0,8.839199717,8.839199717,15,0,0,0,A,A,A,A,A,A,A
FLK,1011,1,2022,8,31,CONT_MR,CS01,NA,NA,0.153333333,25.7347,-80.11502,4149232,Biscayne,12,Inshore,1,Unprotected,0,NA,0,CD0,9.143999707,9.143999707,15,0,0,0,A,A,A,A,A,A,A
FLK,8071,1,2022,8,31,ISOL_LR,CS01,NA,NA,0.113333333,25.74996,-80.12381,4154300,Biscayne,12,Inshore,1,Unprotected,0,NA,0,CD0,6.705599785,6.705599785,15,0,0,0,A,A,A,A,A,A,A
FLK,8067,1,2022,9,15,CONT_HR,CS09,NA,NA,0.58,25.1953,-80.24814,3824878,Upper Keys,11,Forereef,4,Unprotected,0,NA,0,CD1,3.047999902,5.181599834,15,0,0,1,A,A,A,A,A,A,A
FLK,1415,1,2022,9,20,ISOL_HR,CS09,NA,NA,1.186666667,25.21439,-80.21659,3843463,Upper Keys,11,Forereef,4,Carysfort,1,NA,2,CD1,4.267199863,5.181599834,15,0,0,0,A,A,A,A,A,A,A
FLK,8069,1,2022,8,15,ISOL_LR,CS01,NA,NA,0.049333333,24.97671,-80.53794,3565269,Mid-Upper Keys Transition,10,Inshore,1,Unprotected,0,NA,0,CD0,3.657599883,3.657599883,15,0,0,0,A,A,A,A,A,A,A
FLK,1023,1,2022,10,4,ISOL_MR,CS02,NA,NA,0.033333333,25.008,-80.43486,3606153,Upper Keys,11,Mid Channel,2,Unprotected,0,NA,0,CD0,3.657599883,3.962399873,15,0,0,0,A,A,A,A,A,A,A
FLK,1357,1,2022,8,26,CONT_HR,CS17,NA,NA,0.726666667,25.05236,-80.32988,3662148,Upper Keys,11,Forereef,4,Unprotected,0,NA,0,CD4,26.51759915,28.65119908,15,0,0,0,A,A,A,A,A,PS,A
FLK,1155,1,2022,8,2,ISOL_HR,CS12,NA,NA,0.307333333,25.33583,-80.15115,3951925,Biscayne,12,Forereef,4,Unprotected,0,NA,0,CD2,7.010399776,8.534399727,15,0,0,0,A,A,A,A,A,A,A
FLK,1241,1,2022,8,2,SPGR_HR,CS15,NA,NA,0.328,25.29411,-80.17136,3917371,Biscayne,12,Forereef,4,Unprotected,0,NA,0,CD3,10.97279965,11.88719962,15,0,0,0,A,A,A,A,A,A,A
FLK,1491,1,2022,8,2,ISOL_LR,CS01,NA,NA,0.073333333,25.33355,-80.22532,3949684,Biscayne,12,Inshore,1,Unprotected,0,NA,0,CD0,4.571999854,4.571999854,15,0,0,0,A,A,A,A,A,A,A
FLK,8064,1,2022,8,2,ISOL_LR,CS01,NA,NA,0.075333333,25.34866,-80.22994,3961050,Biscayne,12,Inshore,1,Unprotected,0,NA,0,CD0,3.352799893,3.657599883,15,0,2,0,A,A,A,A,A,A,A
FLK,1313,1,2022,8,16,SPGR_HR,CS15,NA,NA,0.3,25.48157,-80.10792,4041860,Biscayne,12,Forereef,4,Unprotected,0,NA,0,CD3,14.32559954,15.84959949,15,0,0,0,A,A,A,A,A,A,A
FLK,1159,1,2022,8,16,CONT_HR,CS09,NA,NA,0.315333333,25.43928,-80.12158,4020653,Biscayne,12,Forereef,4,Unprotected,0,NA,0,CD1,3.962399873,4.267199863,15,0,0,0,A,A,A,A,A,A,A
FLK,1668,1,2022,8,18,CONT_HR,CS12,NA,NA,0.332666667,25.46593,-80.11841,4034081,Biscayne,12,Forereef,4,Unprotected,0,NA,0,CD2,8.839199717,9.448799698,15,1,0,0,A,A,A,A,A,A,PT
FLK,1185,1,2022,8,18,CONT_HR,CS09,NA,NA,0.206,25.5673,-80.10477,4080709,Biscayne,12,Forereef,4,Unprotected,0,NA,0,CD1,4.571999854,4.876799844,15,1,0,0,A,A,A,A,A,A,A
FLK,1027,1,2022,8,18,ISOL_HR,CS03,NA,NA,0.802,25.49277,-80.1408,4047094,Biscayne,12,Mid Channel,2,Unprotected,0,NA,0,CD0,6.095999805,6.400799795,15,0,0,0,A,A,A,A,A,A,PT
FLK,1316,1,2022,8,18,SPGR_HR,CS15,NA,NA,0.632666667,25.5831,-80.0925,4087315,Biscayne,12,Forereef,4,Unprotected,0,NA,0,CD3,13.71599956,14.32559954,15,0,0,0,A,A,A,A,A,A,A
FLK,1225,1,2022,8,18,CONT_HR,CS15,NA,NA,0.570666667,25.56482,-80.09821,4079582,Biscayne,12,Forereef,4,Unprotected,0,NA,0,CD3,12.80159959,14.02079955,15,0,0,0,A,A,A,A,A,A,A
FLK,1563,1,2022,8,16,ISOL_HR,CS03,NA,NA,0.517333333,25.45538,-80.15683,4028652,Biscayne,12,Mid Channel,2,Unprotected,0,NA,0,CD0,3.657599883,4.876799844,15,0,0,0,A,PT,A,A,A,A,PT
FLK,1714,1,2022,8,16,CONT_HR,CS15,NA,NA,0.216666667,25.46913,-80.11053,4035651,Biscayne,12,Forereef,4,Unprotected,0,NA,0,CD3,12.80159959,13.10639958,15,0,0,0,A,A,A,A,A,A,A
FLK,1161,1,2022,8,16,CONT_HR,CS09,NA,NA,0.272666667,25.43472,-80.12314,4018296,Biscayne,12,Forereef,4,Unprotected,0,NA,0,CD1,4.267199863,4.571999854,15,0,0,0,A,A,A,A,A,A,A
FLK,1173,1,2022,10,3,CONT_MR,CS12,NA,NA,0.230666667,24.5823,-81.26749,2312777,Middle Keys,9,Forereef,4,Unprotected,0,NA,0,CD2,8.229599737,9.143999707,15,0,0,0,A,A,A,A,A,A,PS
FLK,1283,1,2022,10,4,CONT_HR,CS15,NA,NA,0.523333333,24.65934,-80.99064,2657579,Middle Keys,9,Forereef,4,Unprotected,0,NA,0,CD3,17.06879945,17.37359944,15,0,0,0,A,A,A,A,A,PT,PS
FLK,1072,1,2022,10,4,ISOL_MR,CS02,NA,NA,0.068,24.73738,-80.89785,2989031,Middle Keys,9,Mid Channel,2,Unprotected,0,NA,0,CD0,8.534399727,8.839199717,15,0,0,0,A,A,A,A,A,A,A
FLK,1199,1,2022,10,4,CONT_MR,CS11,NA,NA,0.178,24.63354,-81.07924,2544254,Middle Keys,9,Forereef,4,Unprotected,0,NA,0,CD2,9.143999707,9.753599688,15,0,0,0,A,A,A,A,A,A,A
FLK,1075,1,2022,10,4,ISOL_HR,CS03,NA,NA,0.338666667,24.72609,-80.93315,2940968,Middle Keys,9,Mid Channel,2,Unprotected,0,NA,0,CD0,6.400799795,7.315199766,15,0,0,0,A,A,A,A,A,A,A
FLK,1074,1,2022,10,4,ISOL_LR,CS02,NA,NA,0.100666667,24.65303,-81.14329,2630127,Middle Keys,9,Mid Channel,2,Unprotected,0,NA,0,CD0,9.143999707,9.448799698,15,0,0,0,A,A,A,A,A,A,A
FLK,1215,1,2022,10,3,SPGR_LR,CS14,NA,NA,0.136,24.58986,-81.23386,2345747,Middle Keys,9,Forereef,4,Unprotected,0,NA,0,CD3,11.27759964,12.19199961,15,0,2,0,A,A,A,A,A,PS,A
FLK,1432,1,2022,8,1,SPGR_MR,CS11,NA,NA,0.190666667,24.84953,-80.61675,3365231,Mid-Upper Keys Transition,10,Forereef,4,Alligator,12,NA,1,CD2,7.315199766,7.924799746,15,0,1,0,A,A,A,A,A,A,A
FLK,1487,1,2022,8,1,ISOL_LR,CS01,NA,NA,0.123333333,24.94943,-80.55353,3528318,Mid-Upper Keys Transition,10,Inshore,1,Unprotected,0,NA,0,CD0,3.352799893,3.657599883,15,0,0,0,A,A,A,A,A,A,A
FLK,1814,1,2022,8,2,CONT_HR,CS17,NA,NA,1.45,24.94144,-80.4633,3517706,Mid-Upper Keys Transition,10,Forereef,4,Unprotected,0,NA,0,CD4,25.60319918,29.87039904,15,0,0,0,A,A,A,A,A,PT,A
FLK,1475,1,2022,8,2,SPGR_HR,CS15,NA,NA,0.616666667,24.95405,-80.45296,3535393,Mid-Upper Keys Transition,10,Forereef,4,Conch_RO,8,NA,1,CD3,15.23999951,16.15439948,15,0,0,0,A,A,A,A,A,A,A
FLK,1135,1,2022,8,2,CONT_HR,CS12,NA,NA,0.353333333,24.97169,-80.44789,3559551,Upper Keys,11,Forereef,4,Unprotected,0,NA,0,CD2,7.315199766,7.619999756,15,0,0,0,A,A,A,A,A,A,A
FLK,1203,1,2022,8,2,CONT_HR,CS12,NA,NA,0.263333333,24.93304,-80.49518,3505204,Mid-Upper Keys Transition,10,Forereef,4,Unprotected,0,NA,0,CD2,6.400799795,7.010399776,15,0,0,0,A,PT,A,A,A,A,A
FLK,1342,1,2022,8,1,SPGR_HR,CS17,NA,NA,1.133333333,24.84347,-80.61668,3351733,Mid-Upper Keys Transition,10,Forereef,4,Unprotected,0,NA,0,CD4,22.85999927,26.82239914,15,NA,NA,NA,A,A,A,A,A,A,A
FLK,1006,1,2022,8,2,ISOL_LR,CS01,NA,NA,0.071333333,24.9494,-80.55943,3528306,Mid-Upper Keys Transition,10,Inshore,1,Unprotected,0,NA,0,CD0,3.962399873,3.962399873,15,0,0,0,A,A,A,A,A,A,A
FLK,1124,1,2022,8,2,CONT_MR,CS11,NA,NA,0.192666667,24.93936,-80.48524,3514412,Mid-Upper Keys Transition,10,Forereef,4,Unprotected,0,NA,0,CD2,6.400799795,7.010399776,15,0,0,0,A,A,A,A,A,A,A
FLK,1682,1,2022,8,1,ISOL_MR,CS11,NA,NA,0.185333333,24.90446,-80.53278,3462456,Mid-Upper Keys Transition,10,Forereef,4,Unprotected,0,NA,0,CD2,7.315199766,7.924799746,15,0,0,0,A,A,A,A,A,A,A
FLK,1118,1,2022,8,1,ISOL_HR,CS06,NA,NA,0.388666667,24.8699,-80.59293,3408055,Mid-Upper Keys Transition,10,Offshore Patch Reef,3,Unprotected,0,NA,0,CD0,7.619999756,8.534399727,15,1,0,0,A,A,A,A,A,A,A
FLK,1467,1,2022,8,1,SPGR_HR,CS15,NA,NA,0.351333333,24.8429,-80.62317,3350698,Mid-Upper Keys Transition,10,Forereef,4,Alligator,12,NA,1,CD3,14.63039953,15.23999951,15,0,0,0,A,A,A,A,A,A,A
FLK,1129,1,2022,8,3,ISOL_HR,CS06,NA,NA,0.73,25.24768,-80.21071,3872690,Upper Keys,11,Offshore Patch Reef,3,Unprotected,0,NA,0,CD0,7.315199766,9.143999707,15,0,0,0,A,A,A,A,A,A,A
FLK,1080,1,2022,8,3,ISOL_HR,CS03,NA,NA,0.516666667,25.22561,-80.26402,3852879,Upper Keys,11,Mid Channel,2,Unprotected,0,NA,0,CD0,3.352799893,3.962399873,15,0,0,0,A,A,A,A,PT,A,PT
FLK,1131,1,2022,8,3,ISOL_HR,CS06,NA,NA,0.45,25.23556,-80.24455,3861594,Upper Keys,11,Offshore Patch Reef,3,Unprotected,0,NA,0,CD0,1.828799941,2.438399922,15,0,0,0,A,A,A,A,PT,A,PT
FLK,1239,1,2022,8,4,SPGR_HR,CS15,NA,NA,0.516666667,25.09026,-80.30066,3709023,Upper Keys,11,Forereef,4,Unprotected,0,NA,0,CD3,13.41119957,14.32559954,15,0,0,0,A,A,A,A,A,A,A
FLK,1417,1,2022,8,4,SPGR_HR,CS12,NA,NA,0.933333333,25.14151,-80.25822,3769448,Upper Keys,11,Forereef,4,Elbow,2,NA,1,CD2,7.010399776,8.839199717,15,0,0,0,A,A,A,A,A,A,A
FLK,1008,1,2022,8,4,ISOL_LR,CS01,NA,NA,0.073333333,25.21248,-80.32474,3840821,Upper Keys,11,Inshore,1,Unprotected,0,NA,0,CD0,2.438399922,2.743199912,15,0,0,0,A,A,A,A,A,A,A
FLK,1019,1,2022,8,3,ISOL_HR,CS03,NA,NA,0.626666667,25.22912,-80.26825,3856027,Upper Keys,11,Mid Channel,2,Unprotected,0,NA,0,CD0,2.438399922,3.962399873,15,0,0,0,A,A,A,A,PT,A,PT
FLK,1934,1,2022,8,3,SPGR_HR,CS15,NA,NA,0.43,25.2027,-80.21812,3832532,Upper Keys,11,Forereef,4,Carysfort,1,NA,1,CD3,11.88719962,12.80159959,15,0,0,0,A,A,A,A,A,A,A
FLK,1454,1,2022,8,3,ISOL_HR,CS15,NA,NA,0.366666667,25.22483,-80.20612,3852600,Upper Keys,11,Forereef,4,Carysfort,1,NA,1,CD3,10.97279965,11.27759964,15,0,0,0,A,A,A,A,A,A,PT
FLK,1834,1,2022,8,5,SPGR_HR,CS17,NA,NA,0.666666667,24.9849,-80.40601,3577063,Upper Keys,11,Forereef,4,Unprotected,0,NA,0,CD4,28.0415991,28.65119908,15,NA,NA,NA,A,A,A,A,A,PS,PS
FLK,1464,1,2022,8,5,CONT_MR,CS15,NA,NA,0.378,25.01428,-80.36797,3614286,Upper Keys,11,Forereef,4,Molasses,6,NA,1,CD3,10.36319967,11.58239963,15,0,1,0,A,A,A,A,A,A,A
FLK,1871,1,2022,8,5,RUBB_LR,CS11,NA,NA,0.133333333,25.03944,-80.35421,3645809,Upper Keys,11,Forereef,4,Unprotected,0,NA,0,CD2,5.791199815,6.400799795,15,0,0,0,A,A,A,A,A,A,A
FLK,1081,1,2022,8,4,ISOL_HR,CS03,NA,NA,0.783333333,25.24023,-80.26812,3865451,Upper Keys,11,Mid Channel,2,Unprotected,0,NA,0,CD0,1.828799941,2.743199912,15,0,0,0,A,A,A,A,PT,A,PT
FLK,1204,1,2022,8,4,CONT_HR,CS12,NA,NA,0.686666667,25.12954,-80.2685,3755565,Upper Keys,11,Forereef,4,Unprotected,0,NA,0,CD2,8.839199717,10.97279965,15,0,0,0,A,A,A,A,A,A,PT
FLK,1473,1,2022,8,5,SPGR_HR,CS17,NA,NA,0.538,25.00636,-80.37615,3603970,Upper Keys,11,Forereef,4,Unprotected,0,NA,0,CD4,15.84959949,17.06879945,15,0,0,0,A,A,A,A,A,A,PT
FLK,1299,1,2022,8,5,SPGR_HR,CS15,NA,NA,0.44,25.05788,-80.32717,3668906,Upper Keys,11,Forereef,4,Unprotected,0,NA,0,CD3,13.10639958,13.41119957,15,0,0,0,A,A,A,A,A,A,A
FLK,1350,1,2022,8,4,SPGR_HR,CS17,NA,NA,0.873333333,25.09958,-80.29102,3720530,Upper Keys,11,Forereef,4,Unprotected,0,NA,0,CD4,24.07919923,25.29839919,15,0,0,0,A,A,A,A,A,PT,PT
FLK,1502,1,2022,8,4,ISOL_HR,CS03,NA,NA,0.493333333,25.04403,-80.40663,3651308,Upper Keys,11,Mid Channel,2,Unprotected,0,NA,0,CD0,3.047999902,3.962399873,15,0,0,0,A,A,A,A,A,PT,A
FLK,9088,1,2022,8,19,SPGR_HR,CS12,NA,NA,0.763333333,24.54497,-81.4071,2166134,Lower Keys,8,Forereef,4,Looe_Key,16,NA,2,CD2,7.619999756,8.229599737,15,0,0,0,A,A,A,A,PS,A,PT
FLK,9068,1,2022,8,18,SPGR_MR,CS11,NA,NA,0.166666667,24.54589,-81.40121,2169462,Lower Keys,8,Forereef,4,Looe_Key,16,NA,2,CD2,8.839199717,9.448799698,15,0,0,0,A,A,A,A,A,A,A
FLK,9089,1,2022,8,18,SPGR_HR,CS12,NA,NA,0.676666667,24.54673,-81.40108,2172790,Lower Keys,8,Forereef,4,Looe_Key,16,NA,2,CD2,5.791199815,6.705599785,15,0,0,0,A,A,A,A,A,A,A
FLK,9049,1,2022,8,18,SPGR_HR,CS09,NA,NA,0.613333333,24.54677,-81.40353,2172785,Lower Keys,8,Forereef,4,Looe_Key,16,NA,2,CD1,3.657599883,4.267199863,15,0,0,0,A,A,A,A,A,A,A
FLK,9166,1,2022,8,18,ISOL_MR,CS12,NA,NA,0.206666667,24.54535,-81.40321,2167800,Lower Keys,8,Forereef,4,Looe_Key,16,NA,2,CD2,8.839199717,8.839199717,15,0,0,0,A,A,A,A,A,A,A
FLK,9048,1,2022,8,18,SPGR_HR,CS09,NA,NA,1.06,24.5459,-81.4066,2169451,Lower Keys,8,Forereef,4,Looe_Key,16,NA,2,CD1,1.828799941,5.791199815,15,0,0,0,A,A,A,A,A,A,A
FLK,9087,1,2022,8,18,SPGR_HR,CS12,NA,NA,0.521333333,24.54538,-81.40608,2167794,Lower Keys,8,Forereef,4,Looe_Key,16,NA,2,CD2,6.095999805,6.400799795,15,0,0,0,A,A,A,A,A,A,PT
FLK,9091,1,2022,8,18,SPGR_HR,CS12,NA,NA,0.77,24.54586,-81.4045,2169455,Lower Keys,8,Forereef,4,Looe_Key,16,NA,2,CD2,5.181599834,5.791199815,15,0,0,0,A,A,A,A,PT,A,PT
FLK,9092,1,2022,8,18,SPGR_HR,CS12,NA,NA,0.332,24.54597,-81.4026,2169459,Lower Keys,8,Forereef,4,Looe_Key,16,NA,2,CD2,7.619999756,8.534399727,15,0,0,0,A,A,A,A,A,A,A
FLK,9235,1,2022,8,18,CONT_MR,CS09,NA,NA,0.24,24.54726,-81.40509,2174450,Lower Keys,8,Forereef,4,Looe_Key,16,NA,2,CD1,0.60959998,0.914399971,15,2,5,0,A,A,A,A,A,A,A
FLK,9093,1,2022,8,19,SPGR_HR,CS12,NA,NA,0.816666667,24.54458,-81.41058,2164481,Lower Keys,8,Forereef,4,Looe_Key,16,NA,2,CD2,6.400799795,7.619999756,15,0,0,0,A,A,A,A,A,A,PS
FLK,9090,1,2022,8,19,SPGR_HR,CS12,NA,NA,0.33,24.54408,-81.40804,2162840,Lower Keys,8,Forereef,4,Looe_Key,16,NA,2,CD2,8.534399727,9.448799698,15,0,0,0,A,A,A,A,PS,A,PS
FLK,9070,1,2022,8,19,SPGR_HR,CS12,NA,NA,0.494666667,24.62589,-81.1104,2509195,Middle Keys,9,Forereef,4,Sombrero,15,NA,2,CD2,4.876799844,6.400799795,15,0,0,0,PT,PT,A,A,A,A,PS
FLK,9194,1,2022,8,19,SPGR_MR,CS11,NA,NA,0.136666667,24.62538,-81.11042,2507113,Middle Keys,9,Forereef,4,Sombrero,15,NA,2,CD2,7.315199766,7.619999756,15,0,0,0,A,A,A,A,A,A,PT
FLK,9069,1,2022,8,19,CONT_LR,CS11,NA,NA,0.056666667,24.6249,-81.11135,2505029,Middle Keys,9,Forereef,4,Sombrero,15,NA,2,CD2,7.315199766,7.315199766,15,0,0,1,A,A,A,A,A,A,A
FLK,9151,1,2022,8,19,SPGR_HR,CS09,NA,NA,0.432666667,24.62678,-81.11092,2513342,Middle Keys,9,Forereef,4,Sombrero,15,NA,2,CD1,1.523999951,2.133599932,15,0,0,0,A,A,A,A,A,A,A
FLK,9036,1,2022,8,19,CONT_MR,CS09,NA,NA,0.245333333,24.62724,-81.11044,2515409,Middle Keys,9,Forereef,4,Sombrero,15,NA,2,CD1,2.133599932,2.438399922,15,0,7,0,A,A,A,A,A,A,A
FLK,9029,1,2022,8,20,CONT_HR,CS06,NA,NA,0.734,25.13902,-80.29542,3766313,Upper Keys,11,Offshore Patch Reef,3,Unprotected,0,NA,2,CD0,4.267199863,5.486399824,15,0,0,0,A,A,A,A,A,A,A
FLK,9030,1,2022,8,20,CONT_HR,CS06,NA,NA,0.56,25.1395,-80.29491,3766826,Upper Keys,11,Offshore Patch Reef,3,Unprotected,0,NA,2,CD0,2.743199912,3.962399873,15,0,0,0,A,A,A,A,A,A,A
FLK,9084,1,2022,8,21,CONT_HR,CS12,NA,NA,0.546666667,25.21748,-80.21811,3846240,Upper Keys,11,Forereef,4,Carysfort,1,NA,2,CD2,5.791199815,7.010399776,15,0,0,0,A,A,A,A,PS,A,A
FLK,9083,1,2022,8,21,CONT_HR,CS12,NA,NA,0.253333333,25.21761,-80.21651,3846243,Upper Keys,11,Forereef,4,Carysfort,1,NA,2,CD2,6.095999805,7.010399776,15,0,0,1,A,A,A,A,A,A,A
FLK,9176,1,2022,8,21,CONT_HR,CS12,NA,NA,0.37,25.21806,-80.21402,3846644,Upper Keys,11,Forereef,4,Carysfort,1,NA,2,CD2,4.876799844,6.095999805,15,1,0,0,A,A,A,A,A,A,A
FLK,9180,1,2022,8,21,CONT_HR,CS12,NA,NA,0.483333333,25.21758,-80.21352,3846249,Upper Keys,11,Forereef,4,Carysfort,1,NA,2,CD2,5.181599834,6.400799795,15,0,0,0,A,A,A,A,A,A,A
FLK,9167,1,2022,8,18,SPGR_HR,CS12,NA,NA,0.492,24.54502,-81.40603,2166136,Lower Keys,8,Forereef,4,Looe_Key,16,NA,2,CD2,8.229599737,8.534399727,15,0,0,0,A,A,A,A,A,A,A
FLK,9081,1,2022,8,21,CONT_HR,CS12,NA,NA,0.643333333,25.21799,-80.21851,3846635,Upper Keys,11,Forereef,4,Carysfort,1,NA,2,CD2,3.047999902,6.095999805,15,0,0,0,A,PT,A,A,PT,A,A
FLK,9076,1,2022,8,21,SPGR_HR,CS12,NA,NA,0.76,25.21718,-80.21401,3845852,Upper Keys,11,Forereef,4,Carysfort,1,NA,2,CD2,4.571999854,6.095999805,15,0,0,0,A,A,A,A,A,A,PS
FLK,9073,1,2022,8,21,SPGR_HR,CS12,NA,NA,0.45,25.21761,-80.21397,3846248,Upper Keys,11,Forereef,4,Carysfort,1,NA,2,CD2,5.486399824,6.095999805,15,0,0,0,A,PT,A,A,A,A,PT
FLK,9265,1,2022,8,21,CONT_HR,CS12,NA,NA,0.283333333,25.22135,-80.21333,3849429,Upper Keys,11,Forereef,4,Carysfort,1,NA,2,CD2,3.657599883,6.705599785,15,0,0,0,A,A,A,A,PS,A,PT
FLK,9063,1,2022,8,21,CONT_MR,CS11,NA,NA,0.19,25.21684,-80.217,3845452,Upper Keys,11,Forereef,4,Carysfort,1,NA,2,CD2,7.010399776,7.315199766,15,1,0,0,A,A,A,A,A,A,A
FLK,9082,1,2022,8,21,CONT_HR,CS12,NA,NA,0.743333333,25.21712,-80.21651,3845847,Upper Keys,11,Forereef,4,Carysfort,1,NA,2,CD2,4.571999854,6.095999805,15,0,0,0,A,A,A,A,A,PS,PT
FLK,9256,1,2022,8,21,CONT_HR,CS12,NA,NA,0.406666667,25.22127,-80.21392,3849428,Upper Keys,11,Forereef,4,Carysfort,1,NA,2,CD2,4.571999854,5.181599834,15,9,0,1,A,A,A,A,PS,A,PT
FLK,9196,1,2022,8,22,CONT_HR,CS12,NA,NA,0.63,25.2077,-80.2196,3837281,Upper Keys,11,Forereef,4,Carysfort,1,NA,2,CD2,9.143999707,10.05839968,15,3,0,0,A,A,A,A,PT,A,PT
FLK,9161,1,2022,8,22,CONT_HR,CS12,NA,NA,0.483333333,25.21313,-80.2161,3842264,Upper Keys,11,Forereef,4,Carysfort,1,NA,2,CD2,6.400799795,7.924799746,15,0,0,0,A,A,A,A,A,A,PS
FLK,9085,1,2022,8,22,CONT_HR,CS12,NA,NA,0.296666667,25.21531,-80.21503,3844262,Upper Keys,11,Forereef,4,Carysfort,1,NA,2,CD2,8.229599737,9.753599688,15,2,0,0,A,A,A,A,A,A,PS
FLK,9080,1,2022,8,22,CONT_HR,CS09,NA,NA,0.3,25.22186,-80.20496,3850238,Upper Keys,11,Forereef,4,Carysfort,1,NA,2,CD1,4.876799844,6.400799795,15,0,0,0,A,A,A,A,A,A,PS
FLK,9046,1,2022,8,22,CONT_HR,CS09,NA,NA,0.61,25.21138,-80.21945,3840625,Upper Keys,11,Forereef,4,Carysfort,1,NA,2,CD1,1.523999951,2.133599932,15,0,0,0,A,A,A,A,PS,A,A
FLK,9144,1,2022,8,22,CONT_HR,CS09,NA,NA,0.346666667,25.21091,-80.21903,3840210,Upper Keys,11,Forereef,4,Carysfort,1,NA,2,CD1,2.133599932,3.047999902,15,0,0,0,A,A,A,A,A,A,A
FLK,9045,1,2022,8,23,SPGR_HR,CS09,NA,NA,0.676666667,25.21216,-80.21799,3841444,Upper Keys,11,Forereef,4,Carysfort,1,NA,2,CD1,3.047999902,4.571999854,15,0,0,0,A,A,A,A,A,A,PS
FLK,9043,1,2022,8,23,SPGR_HR,CS09,NA,NA,0.836666667,25.2117,-80.21802,3841036,Upper Keys,11,Forereef,4,Carysfort,1,NA,2,CD1,1.828799941,4.267199863,15,0,0,0,A,A,A,PS,A,A,PS
FLK,9050,1,2022,8,25,SPGR_HR,CS09,NA,NA,0.79,24.54629,-81.40705,2171114,Lower Keys,8,Forereef,4,Looe_Key,16,NA,2,CD1,1.219199961,2.438399922,15,0,1,0,A,A,A,A,A,A,A
FLK,9026,1,2022,8,23,CONT_HR,CS06,NA,NA,0.56,25.2095,-80.21951,3838967,Upper Keys,11,Offshore Patch Reef,3,Carysfort,1,NA,2,CD0,1.828799941,2.743199912,15,0,0,0,A,A,A,A,A,A,A
FLK,9027,1,2022,8,23,CONT_HR,CS06,NA,NA,1.06,25.2082,-80.22201,3837696,Upper Keys,11,Offshore Patch Reef,3,Carysfort,1,NA,2,CD0,0.914399971,1.828799941,15,1,0,0,PT,A,A,A,PS,A,A
FLK,9028,1,2022,8,23,CONT_HR,CS06,NA,NA,1.32,25.20773,-80.22102,3837278,Upper Keys,11,Offshore Patch Reef,3,Carysfort,1,NA,2,CD0,1.523999951,3.657599883,15,0,0,0,A,A,A,A,A,A,PS
FLK,9074,1,2022,8,23,SPGR_HR,CS12,NA,NA,0.673333333,25.22846,-80.20702,3855754,Upper Keys,11,Forereef,4,Carysfort,1,NA,2,CD2,4.267199863,5.791199815,15,1,0,0,A,A,A,A,A,A,PS
FLK,9228,1,2022,8,23,ISOL_HR,CS06,NA,NA,0.966666667,25.2077,-80.22251,3837275,Upper Keys,11,Offshore Patch Reef,3,Carysfort,1,NA,2,CD0,1.828799941,5.181599834,15,0,0,1,A,A,A,A,PT,A,PT
FLK,9128,1,2022,8,23,CONT_HR,CS06,NA,NA,0.666666667,25.20852,-80.2219,3838118,Upper Keys,11,Offshore Patch Reef,3,Carysfort,1,NA,2,CD0,0.914399971,1.523999951,15,1,0,0,PS,A,A,A,PT,A,PT
FLK,9042,1,2022,8,23,CONT_HR,CS09,NA,NA,0.403333333,25.22755,-80.20801,3854962,Upper Keys,11,Forereef,4,Carysfort,1,NA,2,CD1,3.352799893,3.352799893,15,3,0,0,A,A,A,A,A,A,A
FLK,9139,1,2022,8,23,CONT_HR,CS09,NA,NA,0.256666667,25.22801,-80.20794,3855356,Upper Keys,11,Forereef,4,Carysfort,1,NA,2,CD1,3.047999902,3.657599883,15,0,0,1,A,A,A,A,A,A,A
FLK,9071,1,2022,8,24,SPGR_HR,CS12,NA,NA,1.043333333,25.22213,-80.21004,3850228,Upper Keys,11,Forereef,4,Carysfort,1,NA,2,CD2,4.267199863,6.400799795,15,0,0,0,A,PT,A,A,A,A,PT
FLK,9138,1,2022,8,24,SPGR_HR,CS09,NA,NA,0.986666667,25.22209,-80.21058,3850227,Upper Keys,11,Forereef,4,Carysfort,1,NA,2,CD1,1.219199961,3.047999902,15,0,0,0,A,PT,A,A,A,A,PT
FLK,9142,1,2022,8,24,SPGR_HR,CS09,NA,NA,1.126666667,25.2194,-80.21202,3847842,Upper Keys,11,Forereef,4,Carysfort,1,NA,2,CD1,2.438399922,4.571999854,15,0,0,0,A,A,A,A,A,A,PS
FLK,9037,1,2022,8,24,SPGR_HR,CS09,NA,NA,0.613333333,25.21979,-80.21149,3848241,Upper Keys,11,Forereef,4,Carysfort,1,NA,2,CD1,2.133599932,3.657599883,15,0,0,0,PS,A,A,A,A,A,A
FLK,9038,1,2022,8,24,ISOL_HR,CS09,NA,NA,0.723333333,25.22296,-80.21146,3851011,Upper Keys,11,Forereef,4,Carysfort,1,NA,2,CD1,1.219199961,3.657599883,15,0,0,0,A,A,A,A,PT,A,PT
FLK,9041,1,2022,8,24,CONT_HR,CS09,NA,NA,0.316666667,25.22075,-80.21151,3849037,Upper Keys,11,Forereef,4,Carysfort,1,NA,2,CD1,0.60959998,1.523999951,15,0,0,0,A,A,A,A,A,A,A
FLK,9072,1,2022,8,24,SPGR_HR,CS12,NA,NA,0.62,25.22265,-80.20949,3850621,Upper Keys,11,Forereef,4,Carysfort,1,NA,2,CD2,5.181599834,5.791199815,15,0,0,0,PS,A,A,A,A,A,PS
FLK,9039,1,2022,8,24,CONT_HR,CS09,NA,NA,0.746666667,25.22302,-80.21101,3851012,Upper Keys,11,Forereef,4,Carysfort,1,NA,2,CD1,1.523999951,2.133599932,15,1,0,2,A,A,A,A,A,A,A
FLK,9040,1,2022,8,24,CONT_HR,CS09,NA,NA,0.346666667,25.22207,-80.21162,3850225,Upper Keys,11,Forereef,4,Carysfort,1,NA,2,CD1,1.523999951,1.828799941,15,2,1,0,A,A,A,A,A,A,PT
FLK,9255,1,2022,8,26,CONT_MR,CS08,NA,NA,0.16,24.46007,-81.84243,1932923,Lower Keys,8,Forereef,4,East_Dry_Rocks,21,NA,2,CD1,5.486399824,5.791199815,15,0,0,0,A,A,A,A,A,A,A
FLK,9097,1,2022,8,26,CONT_MR,CS12,NA,NA,0.163333333,24.46003,-81.84194,1932924,Lower Keys,8,Forereef,4,Unprotected,0,NA,2,CD2,7.010399776,7.010399776,15,0,0,0,A,A,A,A,A,A,A
FLK,9199,1,2022,8,26,SPGR_HR,CS12,NA,NA,0.32,24.46102,-81.84145,1934673,Lower Keys,8,Forereef,4,East_Dry_Rocks,21,NA,2,CD2,5.791199815,7.010399776,15,0,0,0,A,PT,A,A,PS,A,A
FLK,9047,1,2022,8,26,SPGR_HR,CS09,NA,NA,0.823333333,24.461,-81.8419,1934672,Lower Keys,8,Forereef,4,East_Dry_Rocks,21,NA,2,CD1,2.438399922,4.571999854,15,0,0,0,PT,A,A,A,PS,A,PS
FLK,9100,1,2022,8,26,CONT_HR,CS12,NA,NA,0.276666667,24.46188,-81.83999,1936448,Lower Keys,8,Forereef,4,East_Dry_Rocks,21,NA,2,CD2,7.010399776,7.315199766,15,2,0,0,A,A,A,A,A,PS,PT
FLK,9053,1,2022,8,26,SPGR_HR,CS09,NA,NA,0.48,24.461,-81.84239,1934671,Lower Keys,8,Forereef,4,East_Dry_Rocks,21,NA,2,CD1,3.047999902,5.181599834,15,0,0,0,PT,PS,A,A,PT,A,PS
FLK,9054,1,2022,8,26,SPGR_HR,CS09,NA,NA,0.39,24.4637,-81.8429,1940026,Lower Keys,8,Forereef,4,East_Dry_Rocks,21,NA,2,CD1,1.523999951,5.181599834,15,0,0,0,A,A,A,A,A,A,A
FLK,9020,1,2022,9,8,ISOL_HR,CS03,NA,NA,0.705,24.89816,-80.61755,3452885,Mid-Upper Keys Transition,10,Mid Channel,2,Unprotected,0,NA,2,CD0,1.523999951,3.657599883,10,0,0,0,A,A,A,A,PT,A,PT
FLK,9117,1,2022,9,8,ISOL_HR,CS03,NA,NA,0.963333333,24.90447,-80.61555,3462289,Mid-Upper Keys Transition,10,Mid Channel,2,Cheeca_Rocks,11,NA,2,CD0,1.828799941,3.657599883,15,0,0,0,A,A,A,A,PT,A,PT
FLK,9014,1,2022,9,8,ISOL_HR,CS03,NA,NA,1.007692308,24.90357,-80.61654,3460919,Mid-Upper Keys Transition,10,Mid Channel,2,Cheeca_Rocks,11,NA,2,CD0,1.523999951,3.352799893,12,0,0,0,A,A,A,A,PT,A,PT
FLK,9013,1,2022,9,8,ISOL_HR,CS03,NA,NA,1.086666667,24.90357,-80.61605,3460920,Mid-Upper Keys Transition,10,Mid Channel,2,Cheeca_Rocks,11,NA,2,CD0,1.828799941,3.352799893,15,0,0,0,A,A,A,A,PT,A,PT
FLK,9023,1,2022,9,8,ISOL_HR,CS03,NA,NA,0.796666667,24.89815,-80.61656,3452887,Mid-Upper Keys Transition,10,Mid Channel,2,Unprotected,0,NA,2,CD0,1.523999951,3.657599883,15,1,0,0,A,A,A,A,PT,PT,PT
FLK,9116,1,2022,9,8,ISOL_HR,CS03,NA,NA,1.003333333,24.90447,-80.61604,3462288,Mid-Upper Keys Transition,10,Mid Channel,2,Cheeca_Rocks,11,NA,2,CD0,2.133599932,3.657599883,15,0,0,0,A,A,A,A,PT,PT,PT
FLK,9079,1,2022,8,22,CONT_HR,CS12,NA,NA,0.97,25.22186,-80.20743,3849837,Upper Keys,11,Forereef,4,Carysfort,1,NA,2,CD2,5.181599834,6.400799795,15,0,0,0,A,A,A,A,A,A,A
FLK,9195,1,2022,8,24,CONT_HR,CS12,NA,NA,0.426666667,25.22077,-80.21005,3849040,Upper Keys,11,Forereef,4,Carysfort,1,NA,2,CD2,3.657599883,5.181599834,15,0,0,0,PS,PT,A,A,A,A,PS
FLK,9298,1,2022,8,26,CONT_MR,CS12,NA,NA,0.203333333,24.45918,-81.8434,1931189,Lower Keys,8,Forereef,4,Unprotected,0,NA,2,CD2,6.095999805,6.400799795,15,0,0,1,A,PS,A,A,PS,A,PS
FLK,9052,1,2022,9,7,SPGR_HR,CS09,NA,NA,0.636666667,24.4596,-81.8453,1932051,Lower Keys,8,Forereef,4,East_Dry_Rocks,21,NA,2,CD1,2.438399922,4.876799844,15,0,0,0,A,A,A,A,A,A,PT
FLK,9086,1,2022,9,7,SPGR_HR,CS12,NA,NA,0.3625,24.4596,-81.8458,1932050,Lower Keys,8,Forereef,4,East_Dry_Rocks,21,NA,2,CD2,6.095999805,6.400799795,15,0,0,0,A,A,A,A,A,A,A
FLK,9215,1,2022,10,31,ISOL_HR,CS03,NA,NA,0.71,24.89819,-80.61919,3452882,Mid-Upper Keys Transition,10,Mid Channel,2,Unprotected,0,NA,2,CD0,2.438399922,4.267199863,15,0,0,0,A,A,A,A,PT,A,PT
FLK,9119,1,2022,10,27,ISOL_HR,CS03,NA,NA,1.216666667,24.90403,-80.61852,3461603,Mid-Upper Keys Transition,10,Mid Channel,2,Cheeca_Rocks,11,NA,2,CD0,3.047999902,4.571999854,15,0,0,0,A,A,A,A,A,A,PS
FLK,9003,1,2022,11,1,ISOL_MR,CS01,NA,NA,0.238666667,24.61499,-81.39347,2459712,Lower Keys,8,Inshore,1,Newfound_Harbor,18,NA,2,CD0,0.60959998,1.523999951,15,0,0,0,A,A,A,A,PT,A,PS
FLK,9007,1,2022,11,1,ISOL_HR,CS01,NA,NA,0.59,24.61505,-81.38361,2459732,Lower Keys,8,Inshore,1,Unprotected,0,NA,2,CD0,3.962399873,5.181599834,15,0,0,0,A,A,A,A,PS,PS,PT
FLK,9001,1,2022,11,1,ISOL_HR,CS01,NA,NA,0.646666667,24.61778,-81.38014,2472501,Lower Keys,8,Inshore,1,Unprotected,0,NA,2,CD0,0.914399971,2.743199912,15,0,0,0,A,A,A,A,PT,PS,PT
FLK,9018,1,2022,10,31,ISOL_HR,CS03,NA,NA,1.37,24.89723,-80.62202,3451560,Mid-Upper Keys Transition,10,Mid Channel,2,Unprotected,0,NA,2,CD0,2.743199912,4.267199863,15,0,0,0,A,A,A,A,PT,A,PT
FLK,9210,1,2022,10,27,ISOL_HR,CS03,NA,NA,0.793333333,24.90355,-80.60961,3460933,Mid-Upper Keys Transition,10,Mid Channel,2,Unprotected,0,NA,2,CD0,3.047999902,5.181599834,15,0,0,0,A,A,A,A,PT,A,PT
FLK,9112,1,2022,10,27,ISOL_HR,CS03,NA,NA,1.146666667,24.90447,-80.61357,3462293,Mid-Upper Keys Transition,10,Mid Channel,2,Cheeca_Rocks,11,NA,2,CD0,2.743199912,4.876799844,15,0,0,0,A,A,A,A,PT,A,PT
FLK,9211,1,2022,10,31,ISOL_HR,CS03,NA,NA,1.036666667,24.90423,-80.60965,3461621,Mid-Upper Keys Transition,10,Mid Channel,2,Unprotected,0,NA,2,CD0,2.743199912,4.876799844,15,0,0,0,A,A,A,A,PT,A,PT
FLK,9102,1,2022,12,16,CONT_LR,CS01,NA,NA,0.14,24.61595,-81.37965,2463972,Lower Keys,8,Inshore,1,Unprotected,0,NA,2,CD0,3.962399873,3.962399873,15,0,0,0,A,A,A,A,A,A,A
FLK,9122,1,2022,10,26,ISOL_HR,CS03,NA,NA,1.213333333,24.90358,-80.61902,3460914,Mid-Upper Keys Transition,10,Mid Channel,2,Cheeca_Rocks,11,NA,2,CD0,1.828799941,4.267199863,15,0,0,0,A,PS,A,A,PT,A,PT
FLK,9109,1,2022,12,16,ISOL_HR,CS01,NA,NA,0.48,24.61546,-81.37965,2461854,Lower Keys,8,Inshore,1,Unprotected,0,NA,2,CD0,4.267199863,4.267199863,15,0,0,0,A,A,A,A,PT,A,A
FLK,9208,1,2022,12,16,ISOL_MR,CS01,NA,NA,0.233333333,24.61591,-81.39097,2463949,Lower Keys,8,Inshore,1,Newfound_Harbor,18,NA,2,CD0,2.438399922,2.438399922,15,0,0,0,A,A,A,A,PT,A,A
FLK,9103,1,2022,12,16,ISOL_LR,CS01,NA,NA,NA,24.61461,-81.39197,2457601,Lower Keys,8,Inshore,1,Newfound_Harbor,18,NA,2,CD0,4.267199863,4.267199863,15,0,0,0,A,A,A,A,A,A,A
FLK,9205,1,2022,12,16,ISOL_LR,CS01,NA,NA,0.036666667,24.61459,-81.3816,2457622,Lower Keys,8,Inshore,1,Unprotected,0,NA,2,CD0,4.876799844,5.181599834,15,0,0,0,A,A,A,A,A,A,A
